Gene	S0	S1	S2	S3	S4	S5	S6	S7	S8	S9	S10	S11
G0	3.2825	2.5810	2.7961	0.1112	-0.3049	-0.0216	0.0538	-0.2493	-0.3927	0.0582	0.2980	-0.1941
G1	2.8999	3.4937	2.8323	-0.1542	0.7212	-0.4593	0.2389	-0.6011	-0.1791	0.4511	0.3664	-0.2703
G2	2.8639	3.0241	2.6226	0.1657	0.6683	-0.4066	-0.5945	0.0865	-0.0357	0.5413	-0.0481	-0.0152
G3	2.9427	2.7028	3.2019	-0.3972	0.3499	0.0025	0.1511	-0.1658	-0.2761	0.5401	0.1406	0.3621
G4	3.0561	3.7835	3.1073	-0.3089	0.2306	0.1276	-0.6963	-0.0348	0.2941	0.2403	-0.1018	-0.3638
G5	3.1474	2.6563	3.3974	-0.0919	-0.2774	-0.1703	-0.2433	-0.1682	-0.2209	-0.1137	0.0717	0.1791
G6	2.6669	2.7145	2.8713	0.0191	0.0293	-0.6132	0.5112	-0.2671	0.5451	-0.4057	-0.2893	-0.0754
G7	2.9332	2.7685	3.2205	-0.5406	0.3165	-0.2454	0.3755	-0.1226	-0.4197	0.1347	0.6691	-0.0157
G8	3.0334	2.8802	2.7370	-0.2254	-0.3962	-0.4227	0.0213	0.4860	0.1569	0.1421	0.0746	-0.2592
G9	3.0556	2.8735	3.2813	0.3691	0.3761	0.1099	0.3131	-0.1987	-0.0295	-0.0633	-0.2709	-0.3073
G10	2.7345	2.8627	2.4231	0.6132	0.0611	0.0142	0.1862	-0.0465	0.1469	0.1449	0.2211	-0.6698
G11	3.3127	3.0451	3.1870	0.1386	0.0789	0.4256	-0.1115	0.1528	-0.0850	-0.0019	0.7204	0.5298
G12	3.0885	3.2685	2.9339	-0.5689	0.1593	-0.0896	-0.3653	-0.6915	0.4209	0.1607	0.1550	-0.2267
G13	2.9983	3.4043	2.8261	0.0659	-0.3032	0.0546	-0.3244	-0.1505	-0.1062	0.2613	0.1194	-0.1943
G14	2.9559	2.9824	2.9856	-0.2711	0.2336	0.0690	0.0460	0.7408	-0.1481	0.1979	-0.4605	0.5624
G15	2.7212	2.6887	2.9363	-0.2904	-0.3738	0.2229	0.1961	0.0019	-0.1123	0.1915	-0.1902	-0.2224
G16	3.2756	2.7258	2.7386	0.1559	-0.0931	-0.2981	-0.0487	-0.0791	-0.2188	0.0782	0.2013	0.3073
G17	2.6161	3.0308	3.0214	-0.6222	-0.2593	0.0088	-0.5342	0.1127	0.3881	-0.3881	0.4399	1.0715
G18	2.9160	2.9070	2.8649	-0.8724	-0.3686	0.2615	-0.0840	0.1902	-0.0042	-0.0202	0.1623	-0.3301
G19	3.1233	3.0870	2.6390	-0.4920	-0.1557	0.8167	0.4757	0.3464	-0.0984	0.0747	-0.0510	0.3256
G20	3.1568	2.4246	3.2434	0.2706	-0.1617	-0.2249	0.1680	-0.1747	0.0859	0.0101	-0.1611	-0.3481
G21	3.6687	2.7664	3.0742	-0.0472	-0.0025	-0.4664	-0.2653	-0.3923	0.3512	-0.2462	-0.2593	0.2678
G22	3.1045	3.3851	3.1714	0.0096	-0.2651	0.4586	-0.0536	-0.2673	-0.0632	-0.0598	0.4378	0.7284
G23	2.9261	3.2914	2.7615	-0.0750	-0.2200	0.0305	0.1802	0.0564	-0.1138	-0.0166	-0.2197	0.1530
G24	2.8820	3.0701	3.2856	-0.1846	0.4433	-0.6903	-0.1902	0.2850	-0.0985	-0.3006	-0.1566	0.4630
G25	3.5308	2.5851	2.7964	-0.2081	0.4227	-0.0681	0.1155	0.0507	-0.0001	-0.1066	0.2998	0.0148
G26	2.6750	2.9610	2.6032	0.0284	-0.1352	-0.2841	-0.6066	0.6597	-0.0356	0.5186	-0.2567	0.1184
G27	3.5512	3.2339	2.8075	-0.6188	-0.4303	0.1350	0.2217	0.2054	0.0234	0.0848	0.1981	-0.0672
G28	3.1208	3.1585	2.7282	0.2616	0.5218	0.7311	0.1691	-0.0181	-0.3760	0.2524	0.2522	-0.2439
G29	3.2296	2.8682	2.6475	0.0035	-0.0970	-0.1766	-0.1626	-0.1341	-0.4129	0.6487	0.4461	-0.3284
G30	3.1658	3.0376	2.9773	0.5249	0.2175	-0.3318	-0.1082	-0.5333	0.1154	0.0511	0.0578	-0.0624
G31	3.0135	3.0854	3.5756	0.0554	-0.0861	0.1553	0.2603	0.3527	0.3489	-0.0697	0.2882	-0.2064
G32	2.5958	2.7977	3.1715	-0.4753	0.4965	-0.0296	0.1691	-0.1137	-0.3954	-0.0895	0.1576	-0.3060
G33	3.0759	2.7123	2.4985	-0.3025	0.1305	-0.4190	0.1901	0.0003	-0.2297	-0.0099	0.5449	0.2383
G34	3.2386	2.9106	2.5419	0.2985	0.3970	0.1637	0.1720	0.1770	0.0488	-0.0889	0.3042	0.0699
G35	2.4023	3.0307	2.9081	-0.4394	0.5122	0.7179	-0.3500	0.2186	-0.0705	0.0608	-0.1690	0.0313
G36	3.4072	3.0842	2.9031	-0.1031	-0.2637	-0.0841	-0.3861	0.3473	-0.6182	0.0376	-0.2592	-0.2148
G37	2.8164	2.7987	3.3227	0.3200	-0.3809	-0.3669	0.4612	0.4736	0.2041	-0.6372	0.3157	-0.3256
G38	3.1341	2.6627	3.0430	-0.1894	0.0652	-0.3187	0.0137	-0.3305	0.0292	-0.1151	0.6727	0.1938
G39	2.3571	3.0560	3.4181	-0.1512	-0.1883	-0.0912	0.4620	0.3076	0.3993	-0.3356	-0.0996	-0.2969
G40	2.9499	3.1384	2.6536	0.1739	0.6220	-0.3274	-0.1183	0.0693	0.0728	-0.4830	0.3204	0.0626
G41	2.9711	2.9316	3.6713	-0.3730	-0.0208	-0.1195	0.2559	0.1211	0.2727	0.0509	0.8103	0.0508
G42	3.0482	2.8959	3.1606	-0.1271	0.1258	0.4310	0.1424	-0.0582	0.2877	0.0130	0.4039	0.0631
G43	3.1223	2.8506	3.2098	0.1789	0.1532	-0.0402	0.2783	-0.0594	-0.2461	0.0416	0.6976	-0.2909
G44	2.8743	2.8557	3.1394	-0.0062	-0.1529	-0.0851	0.5795	-0.4341	0.0876	-0.2463	0.0226	0.5025
G45	2.9201	3.3027	3.1531	0.0458	0.1198	0.0156	0.2807	0.1391	-0.4682	-0.1546	0.1968	0.2450
G46	2.9178	2.9044	2.7291	0.0979	0.0983	-0.0327	-0.2618	0.1693	-0.0361	-0.2613	0.0713	0.2396
G47	2.2773	3.1337	3.0696	-0.2314	-0.4277	-0.1637	0.0923	-0.3128	-0.4123	0.3044	-0.2060	0.0942
G48	2.3243	3.2035	3.2089	0.2610	-0.2242	-0.2619	0.0052	0.0175	-0.1312	-0.3954	0.2523	0.0123
G49	3.0493	2.5805	2.8321	-0.0490	-0.0919	-0.3261	-0.2211	-0.4562	0.0562	0.5052	-0.1622	0.8475
G50	0.4514	0.4284	0.2236	3.0582	2.6093	2.9353	-0.1106	0.0844	-0.0040	0.2449	0.0215	-0.6561
G51	-0.0665	-0.0455	0.0672	2.7528	2.8026	3.3115	0.0040	0.6742	0.1605	0.2659	-0.0897	0.3521
G52	-0.3767	-0.1889	-0.3026	2.9396	2.7978	2.7718	0.0943	-0.5201	-0.0759	0.2791	-0.1210	-0.1269
G53	-0.0961	-0.2779	-0.1383	2.9109	2.8622	2.7557	-0.3061	0.0531	-0.4572	0.0674	-0.1812	0.3965
G54	0.2355	0.0936	-0.0030	2.9016	2.9506	2.9529	-0.6184	0.1118	0.3663	0.0233	0.5509	0.2444
G55	-0.1924	-0.4548	-0.0166	2.9703	3.4039	3.1069	0.6096	-0.0012	-0.1503	-0.4595	0.0731	0.4953
G56	-0.0334	0.1376	-0.2605	3.0653	3.1543	3.2735	0.2561	-0.1930	-0.4457	0.1532	-0.1560	-0.0239
G57	0.2749	-0.1735	0.0728	2.7113	3.1042	2.7208	0.0370	0.1948	0.3707	-0.1467	0.2830	0.0916
G58	0.0126	0.1255	0.0398	3.0948	2.8803	2.8588	-0.3170	-0.2649	-0.1004	-0.3451	-0.1319	0.6004
G59	-0.2004	0.2649	-0.2443	2.7336	3.7186	2.7984	0.6326	-0.2988	-0.3042	-0.1696	-0.0594	-0.2003
G60	-0.0089	0.0893	0.0138	3.0226	2.9069	2.8637	0.1035	-0.4412	0.2964	-0.0552	0.2905	-0.1564
G61	-0.0743	0.1179	0.3957	2.6415	2.8536	3.2968	-0.0330	0.0646	0.2766	0.0792	0.0919	0.3541
G62	0.0767	0.1861	-0.2285	2.5673	2.7733	3.5500	-0.0080	0.2753	-0.0211	-0.0880	0.1065	-0.0467
G63	-0.4673	0.1171	0.5218	3.1604	3.3304	2.9559	0.0912	0.0836	0.4157	0.2970	-0.5771	0.3462
G64	-0.1119	0.0438	-0.4510	3.2229	3.0406	2.9253	0.1475	0.3154	0.4210	0.4376	0.2413	-0.1054
G65	-0.3512	0.1524	-0.0828	3.3651	3.0760	3.2399	-0.3817	0.1462	-0.2273	-0.0526	0.0172	0.1498
G66	0.0286	-0.1339	-0.0244	2.7744	2.8945	3.4782	-0.2656	-0.4163	-0.5912	-0.0569	0.3115	0.2992
G67	0.3613	0.3318	-0.2843	3.3485	2.8729	2.5777	0.1007	0.5574	0.0225	0.3618	-0.0998	-0.1948
G68	-0.1705	-0.1782	0.2591	3.4812	2.7473	2.9124	-0.0583	-0.0347	0.2063	0.2192	0.3544	-0.0544
G69	0.4528	0.2360	0.1017	2.4921	2.5807	2.8043	0.1109	0.4744	0.2047	-0.4636	-0.2428	0.3193
G70	-0.4445	-0.4673	0.4425	3.3569	2.7212	2.9533	-0.0460	0.0132	0.0816	0.4287	-0.1862	-0.2970
G71	0.3289	-0.0993	-0.2276	3.5357	2.9765	3.4078	-0.1607	-0.5334	0.0651	-0.2881	0.0781	0.0305
G72	-0.1129	-0.7579	-0.1788	3.2698	2.9334	2.5657	-0.0284	0.4468	-0.0952	0.2650	-0.4721	-0.1197
G73	0.0368	0.0515	-0.0465	2.9519	3.2061	3.0598	-0.0632	-0.0916	0.7417	0.3067	-0.5602	0.2959
G74	0.0670	0.3136	-0.1175	3.1457	2.5806	3.7765	-0.0050	-0.2946	-0.1976	0.1267	-0.4799	-0.0957
G75	-0.1296	-0.3082	0.6534	3.1763	2.7491	3.1616	0.1636	0.0032	0.2448	-0.2645	-0.0187	-0.1689
G76	-0.2769	0.5033	0.0970	2.7960	3.5385	3.0748	0.2578	0.4610	-0.0737	-0.1665	0.6056	0.3255
G77	-0.3411	-0.2409	-0.1650	3.0451	2.8165	2.8632	0.1677	-0.4576	0.6862	0.1187	0.1266	0.0294
G78	-0.0455	0.1654	0.0245	3.2803	2.9722	2.6957	-0.0434	0.3466	-0.2021	0.1617	0.3077	-0.2219
G79	0.5113	-0.0733	-0.2115	2.8997	2.8721	2.6947	-0.0546	-0.3002	-0.0613	0.0015	-0.0050	-0.0791
G80	-0.1671	-0.3593	0.0402	2.7551	2.9201	2.8119	-0.2690	-0.0500	0.7944	-0.1082	0.0988	0.3748
G81	-0.3777	0.6928	0.3545	2.8180	2.9152	2.5543	-0.4041	0.5323	0.2169	-0.1588	-0.0007	-0.0405
G82	0.1567	-0.3539	0.2723	2.9159	2.8135	2.8118	0.0831	-0.3979	0.0135	-0.0011	0.0568	0.0693
G83	0.4858	0.4910	0.3256	2.8911	3.5233	2.8178	0.0890	-0.4896	0.1445	0.3499	-0.6515	0.3377
G84	0.0843	0.1625	-0.0951	2.8524	3.2736	3.2265	0.1182	-0.3915	0.0070	-0.2357	-0.0692	0.3098
G85	0.4765	-0.0274	0.3517	2.8765	2.1417	2.6937	0.1930	0.4873	0.1493	-0.5594	0.0001	-0.1743
G86	-0.3606	-0.5772	-0.2617	2.8901	3.3661	2.8798	-0.3518	0.2182	0.0720	-0.2036	0.3664	0.0362
G87	0.4226	-0.1632	-0.2870	2.6909	2.5140	3.0092	0.0032	0.6326	-0.1106	0.7139	0.1082	-0.0538
G88	-0.4692	0.1584	-0.3400	3.1113	3.1638	2.5608	0.1736	-0.0469	0.6103	-0.3180	-0.4720	-0.5337
G89	-0.0105	0.6199	0.0605	2.5930	3.0625	3.0400	0.2273	0.0157	0.0230	-0.2957	0.0670	-0.4152
G90	-0.4743	0.3961	0.3260	3.0802	3.0751	2.8630	-0.0657	-0.2593	0.3360	0.0517	-0.0866	-0.0119
G91	-0.2537	-0.1116	0.1951	3.0055	3.2871	3.2400	0.6633	0.1842	0.4067	-0.5980	-0.2579	0.5981
G92	0.5079	-0.0502	-0.0702	3.4417	2.7482	2.8273	-0.0364	0.0989	0.1135	0.1140	-0.4268	0.0515
G93	0.0082	-0.0924	0.0400	2.9200	2.5339	2.8324	-0.4980	-0.5386	-0.2233	0.3299	0.3335	0.1910
G94	0.0780	-0.1856	-0.0321	3.4647	2.9943	3.2323	0.9965	-0.4274	0.3613	0.5331	-0.0796	-0.0274
G95	-0.3692	-0.2199	0.4938	3.1065	3.0478	2.8947	-0.1974	-0.2661	0.0235	0.3315	0.1457	0.2277
G96	-0.1915	-0.2825	-0.3527	2.8707	3.1181	2.7515	0.0472	-0.1130	-0.2513	0.1226	-0.5420	0.1702
G97	-0.8834	-0.0690	0.0973	2.8846	2.9738	3.0587	-0.0060	-0.0588	0.1483	-0.1292	-0.0920	0.0553
G98	-0.1119	0.2762	0.4851	3.1652	2.9321	2.7259	0.0614	-0.1036	0.2649	0.0935	0.4113	-0.2916
G99	-0.1810	-0.3408	0.1025	2.7082	3.5302	3.1035	0.1085	0.2766	-0.0963	0.1201	-0.1108	0.1510
G100	-0.3258	-0.2909	0.3301	0.0284	-0.5732	-0.2025	2.8772	3.0031	3.5659	0.1907	0.1502	-0.5739
G101	-0.0333	0.4322	0.4630	0.3177	-0.3749	0.6467	2.9235	3.0139	3.3537	-0.2274	-0.0190	0.0799
G102	-0.1252	0.1226	-0.1614	-0.0505	0.3082	0.6013	2.8576	2.8276	3.3042	-0.2896	0.3246	-0.1155
G103	0.3444	-0.2926	0.2139	0.0609	-0.0361	0.1796	3.0159	3.2142	3.2414	-0.2315	0.1167	-0.1145
G104	-0.0453	-0.0196	0.0289	-0.0135	-0.4155	0.3442	3.0596	3.0000	3.1609	-0.3202	0.5049	0.1235
G105	0.3147	0.2667	0.0795	-0.4418	-0.0506	0.0476	2.3885	3.2589	2.8873	0.1964	0.2322	0.2731
G106	-0.1143	-0.0243	-0.3680	0.2409	0.3116	-0.0675	2.6884	3.1325	3.0470	0.2970	-0.1846	-0.2388
G107	-0.4972	-0.2789	0.6239	-0.0080	-0.0436	0.0453	2.7400	2.7804	3.0070	0.0858	-0.2333	0.4833
G108	0.1389	-0.0319	0.0681	-0.0659	-0.0159	-0.0681	2.4668	3.2886	2.4661	0.4244	-0.0936	-0.3976
G109	0.1447	0.2324	-0.3398	0.2124	0.2450	-0.0061	2.3018	2.9844	2.7617	0.3486	0.0428	-0.4210
G110	0.0043	-0.1979	0.1805	-0.0496	-0.2174	-0.1262	2.8348	2.8139	2.5875	0.1903	-0.0579	0.4805
G111	-0.0913	0.1310	-0.1369	-0.1178	-0.2741	0.1278	3.4195	3.2176	2.7809	-0.4720	-0.3661	-0.1061
G112	0.0994	0.1788	0.0499	0.3628	0.1184	-0.2559	3.3608	2.6691	2.9433	-0.2651	0.5661	0.5215
G113	0.1879	-0.2435	0.4196	-0.4868	-0.1943	0.2959	2.7727	3.4027	3.7377	-0.4542	-0.0100	-0.2558
G114	0.6872	-0.6414	-0.4168	0.6008	-0.7736	-0.0562	3.5491	2.9857	2.9295	-0.1586	0.4034	0.0125
G115	-0.1983	-0.6739	-0.4608	-0.0498	-0.1221	-0.1624	2.4769	2.3317	3.3509	0.2947	-0.2193	-0.1917
G116	0.0117	-0.0420	0.4316	-0.3461	-0.1425	0.0174	2.6200	3.1166	2.9915	0.3463	0.1093	-0.6700
G117	-0.5205	-0.2123	0.5216	0.2780	0.1599	-0.0868	3.2732	2.4839	3.2618	-0.2500	-0.1593	-0.1289
G118	-0.0795	-0.2952	0.1597	0.0214	-0.4764	0.4032	2.3867	2.7349	3.1155	-0.0548	-0.2302	-0.1425
G119	-0.3305	-0.0141	-0.1379	0.0175	0.1738	-0.3018	2.7920	2.7318	3.1572	0.3398	0.3158	0.4944
G120	0.0820	-0.1456	0.1026	0.0474	-0.5812	0.4612	2.7788	2.9186	3.0185	0.1443	0.3467	0.4249
G121	0.3860	0.4585	0.0720	-0.1459	-0.0333	-0.0129	3.2482	2.7077	3.0117	-0.3481	-0.2538	-0.6461
G122	-0.5692	-0.2235	-0.0750	0.1133	0.2150	0.0070	3.1369	2.7799	3.0557	0.3465	0.3381	-0.1172
G123	-0.0651	0.1014	-0.1923	-0.0959	-0.1978	0.2174	3.0112	2.7825	3.4546	-0.1937	-0.6140	0.0732
G124	-0.1872	0.2287	0.3581	0.3783	-0.2874	0.2055	2.5689	3.0795	2.5312	0.4751	-0.2575	0.1174
G125	-0.4155	0.2984	0.6015	-0.0263	-0.2470	0.0316	2.7402	3.0917	3.0078	0.1928	0.3394	-0.0966
G126	0.2275	0.1882	-0.2756	0.2318	0.8158	-0.1028	2.6189	2.8325	2.8404	-0.3164	-0.2598	0.0218
G127	-0.0531	-0.1205	-0.2586	0.5762	0.1113	0.7777	3.3907	2.9610	3.1286	0.0334	0.0820	0.2540
G128	0.4062	0.3496	-0.1439	0.1650	0.2836	0.0799	3.1493	3.0042	2.4449	-0.4286	0.1543	0.4684
G129	0.0053	0.0155	0.4620	-0.3513	0.1711	0.0763	3.0678	3.6854	2.5986	0.3679	-0.2704	0.1154
G130	0.0400	-0.4130	-0.0480	0.3938	-0.1607	-0.5386	2.8104	2.6149	2.8914	-0.0747	0.4473	-0.1604
G131	-0.0660	0.4559	-0.3192	-0.3028	-0.2835	0.2699	2.8921	2.8300	2.8483	-0.0076	0.5201	0.4062
G132	0.4500	0.4475	-0.3246	0.0623	-0.1665	0.2630	2.7225	3.2698	2.7145	0.4787	0.0234	0.2255
G133	-0.6964	0.0855	0.4756	0.0720	0.3054	0.0115	3.0291	2.6752	2.7929	0.0983	-0.2133	0.0337
G134	-0.0913	0.4270	-0.5605	-0.4042	0.3577	-0.0709	3.2160	3.1324	2.5541	-0.0501	0.1643	-0.0578
G135	0.5900	0.1385	0.1736	-0.4807	-0.4427	0.0885	2.8336	3.1034	2.5916	0.3340	0.2447	-0.7244
G136	0.3457	-0.2946	-0.4772	-0.0631	0.2769	0.6205	2.9061	2.6080	2.6109	0.1712	-0.4745	-0.4327
G137	-0.1877	-0.0894	-0.2088	0.0806	0.4778	-0.3249	2.8137	2.9318	3.1550	0.0435	-0.4210	0.1569
G138	0.0741	0.4496	0.3265	-0.3850	-0.3857	0.1949	3.6228	2.9544	2.7600	0.3881	0.1987	0.3275
G139	-0.1999	0.2526	-0.4104	0.1658	0.1914	-0.2778	3.3040	3.4001	3.0077	-0.7440	-0.2635	0.2069
G140	-0.6126	-0.1597	-0.0177	-0.0597	0.1559	0.5674	2.4754	2.6877	2.8249	0.1090	0.9977	0.0260
G141	0.2819	0.3254	-0.2928	0.0190	-0.1178	-0.0281	3.3434	2.9346	3.3114	0.0300	0.0117	-0.2592
G142	-0.0160	-0.5121	0.0538	0.7852	0.5897	0.1044	2.8274	2.9863	2.9788	0.4020	-0.1019	0.5637
G143	0.0562	0.2899	-0.2731	-0.0117	0.1055	-0.2098	3.1475	3.0923	2.7302	-0.2765	0.8719	0.3663
G144	-0.2610	0.0339	-0.0087	-0.0660	-0.4060	0.1780	3.4937	2.8803	3.1133	-0.0997	-0.0690	0.0326
G145	-0.0407	0.2926	-0.1614	0.2413	0.0637	-0.1838	3.1691	2.6654	2.7988	0.3227	0.1854	0.2980
G146	0.5925	0.0822	-0.1351	0.2401	0.4134	-0.0126	2.5389	3.2624	3.3553	0.1609	-0.5912	-0.0773
G147	-0.2963	-0.1782	-0.5193	-0.0664	-0.2200	0.3138	2.7388	2.0478	2.7343	-0.7193	-0.3310	0.2436
G148	-0.0082	-0.2776	-0.0968	0.7998	-0.7483	1.0501	3.1254	2.8324	3.4060	-0.7585	-0.0744	0.4371
G149	0.0154	-0.1242	0.1087	-0.2336	-0.1988	-0.7072	3.4027	3.0903	2.9610	0.1428	-0.1980	-0.8103
G150	-0.2758	-0.0221	-0.2947	0.0976	-0.3016	-0.0613	0.7317	0.4045	0.1855	2.9962	3.0181	3.3210
G151	-0.0240	-0.0718	0.2190	-0.3676	-0.0734	0.6025	-0.1387	-0.2222	-0.7977	2.7527	3.4494	3.1411
G152	0.2694	-0.3736	0.2578	0.3117	0.0700	-0.3045	-0.1993	-0.1136	-0.2095	3.5037	2.6733	3.0216
G153	0.2082	0.2027	-0.2156	-0.0282	0.1051	-0.2758	0.0186	0.2569	0.2930	2.4201	3.0509	2.9870
G154	0.0090	-0.3662	0.1601	0.1592	-0.0604	0.2993	-0.6931	0.1290	0.4402	3.1690	3.1716	2.7761
G155	0.0010	0.2122	-0.0528	0.1596	-0.2159	-0.0727	0.2151	0.0372	0.1339	2.7184	3.5353	2.5193
G156	0.0161	0.3841	0.2904	-0.2691	0.1116	0.1971	0.2523	-0.0197	0.3600	2.6054	2.9758	2.5206
G157	0.1446	-0.5635	0.1681	0.0694	-0.2072	-0.0072	-0.3422	-0.0725	0.0889	3.0909	3.5587	3.0410
G158	0.6671	0.3763	0.4939	-0.0503	-0.2294	0.0739	-0.2354	0.1443	-0.3839	3.2928	3.1372	2.8901
G159	0.0095	0.2057	0.5650	0.1655	-0.1115	-0.0079	-0.3098	0.1088	0.0888	2.4999	3.2796	3.3151
G160	-0.0494	-0.0030	0.2665	0.3561	-0.5182	0.5729	-0.4580	-0.0050	0.2289	3.2552	2.9434	2.4348
G161	0.0939	0.2867	-0.3188	0.0535	-0.2483	0.0386	0.2391	-0.6185	-0.2492	3.3475	2.7112	3.2688
G162	-0.1188	-0.3335	-0.2303	-0.4491	0.1074	-0.1617	0.0756	0.3526	-0.5438	2.9670	2.3600	2.9298
G163	0.0615	-0.3511	0.1573	-0.3025	-0.1743	0.2681	-0.4187	0.1182	0.4593	3.1562	3.3258	2.9341
G164	0.1826	0.0842	0.1840	0.1395	0.0037	-0.0132	0.4980	-0.5070	0.0736	3.1700	3.2771	2.9395
G165	0.0153	-0.0374	0.0546	-0.0032	-0.5375	-0.4310	0.1264	-0.2257	0.1312	2.7304	2.7149	3.0003
G166	-0.2423	0.3136	0.0931	-0.4558	0.0058	-0.0505	-0.2743	-0.0554	0.1737	3.6530	3.0628	3.1810
G167	0.1901	0.3963	-0.2719	-0.2300	-0.6094	-0.3698	0.4196	-0.4994	0.6035	3.2137	3.4249	3.0848
G168	0.3215	-0.1493	-0.2355	0.1308	0.5917	-0.3443	-0.3480	-0.3232	-0.0869	3.1386	3.4351	2.9423
G169	-0.1258	0.8148	-0.2082	-0.1700	0.0958	-0.0736	0.0590	-0.1668	0.1811	3.1454	2.9100	2.5994
G170	-0.1554	0.0838	0.4539	-0.2358	-0.2141	-0.5058	0.0222	-0.1448	0.0838	2.4331	2.9930	2.6558
G171	-0.0535	-0.1269	0.0211	-0.2330	0.0933	-0.4158	-0.3712	-0.0212	0.0773	3.0392	3.5163	3.0482
G172	0.0990	0.1174	-0.6209	0.5469	0.1961	-0.1709	0.0537	-0.1145	-0.3073	3.2477	3.0945	2.9918
G173	-0.5742	0.3522	0.3995	0.0700	-0.3103	0.2272	-0.0886	-0.2935	0.5833	2.5300	3.1003	2.9906
G174	0.3195	-0.5264	0.4366	0.5658	0.1427	0.1465	0.5436	-0.1559	-0.2191	2.8856	2.9948	3.3047
G175	0.4260	0.0241	0.4904	0.1646	0.0390	0.0184	-0.1116	0.5042	0.1771	2.6901	3.1370	2.9441
G176	-0.2433	0.4284	-0.0748	0.1506	-0.0950	-0.0510	-0.1603	0.1644	-0.1700	3.3010	2.8772	2.9720
G177	-0.1181	0.2705	-0.2817	0.1959	-0.1051	0.0528	0.0826	0.4234	0.1705	2.6840	3.0685	3.0920
G178	0.1646	0.2452	-0.4065	-0.1766	-0.3827	-0.0590	-0.2660	0.3555	-0.0441	2.6989	3.1964	2.5454
G179	0.2779	-0.1895	-0.2928	0.4296	0.2871	0.0691	0.2718	-0.0392	-0.2268	2.9824	3.1288	3.0676
G180	-0.3827	0.1650	-0.3479	-0.1029	0.0657	0.0555	-0.4525	0.5562	0.1014	3.2149	2.3389	3.0703
G181	0.0145	-0.0050	-0.1318	-0.1764	-0.2792	-0.4080	0.3453	-0.2963	0.3014	2.5694	3.0477	3.0759
G182	-0.0258	-0.3656	0.1801	-0.0024	-0.1857	0.1631	0.2495	-0.2382	0.4027	2.7572	3.4060	2.9970
G183	0.1831	-0.0276	-0.3681	0.1413	0.3850	-0.0528	0.2797	-0.3162	-0.2981	2.9767	2.8298	3.1844
G184	0.1848	0.7465	-0.5856	-0.1366	0.5374	-0.4740	0.0202	0.2716	-0.1772	2.8036	3.3133	3.3983
G185	-0.3536	-0.1158	-0.0364	-0.1436	0.3025	-0.1616	-0.1452	-0.3795	-0.3725	2.7102	3.2982	3.1861
G186	0.0736	0.2889	-0.2797	-0.0207	-0.4049	0.2689	0.7238	0.2021	-0.1424	2.8911	2.8846	2.9566
G187	-0.4583	-0.0042	-0.2281	0.1258	-0.3237	-0.6229	0.2075	-0.2111	0.0970	2.8878	3.7999	3.3093
G188	0.0336	-0.4131	-0.2405	-0.0931	0.4731	-0.3479	-0.2103	0.0243	-0.2154	2.5679	3.5301	2.9850
G189	0.7644	0.4935	0.2421	-0.3141	-0.2373	0.4258	-0.1106	-0.0768	-0.0558	2.9765	3.1345	2.4576
G190	-0.0164	-0.1304	-0.2543	-0.1572	0.4380	0.4571	0.6340	-0.2405	-0.5882	2.8831	3.0808	3.2377
G191	0.3367	-0.2175	0.0238	0.1566	0.0477	0.3479	-0.1611	0.4612	-0.0162	3.1202	3.3554	2.7356
G192	0.1876	-0.0309	0.0383	-0.0406	-0.3333	-0.0807	0.3868	0.3927	-0.0838	3.6361	2.8166	2.4426
G193	0.3552	-0.3954	-0.0023	-0.0270	0.1269	0.1603	-0.0218	-0.0115	0.2410	3.2477	3.2541	3.0671
G194	0.0348	0.1824	-0.2517	0.5658	0.0505	0.4313	-0.0452	-0.4477	0.1045	3.2580	2.9482	3.3695
G195	0.2063	-0.0407	-0.1045	-0.0357	-0.5286	0.5249	0.1126	-0.0730	0.2857	2.6195	3.2901	2.8356
G196	-0.5644	0.2986	-0.4948	-0.1144	0.0496	0.1015	-0.2486	0.0975	-0.2749	2.9795	3.3180	2.6281
G197	-0.1160	0.1037	-0.0935	-0.3626	0.0461	0.0652	-0.2686	-0.2420	-0.2768	2.8580	2.7068	3.0584
G198	0.3164	0.1945	0.3241	0.3105	-0.0007	-0.1819	0.0668	0.2124	-0.2496	2.8222	3.2875	2.7545
G199	-0.2079	-0.0338	0.5741	0.3687	0.1284	0.0929	0.1326	0.3704	-0.2048	2.7555	2.6609	3.2634
