Gene	Control_1	Control_2	Control_3	Control_4	Treated_1	Treated_2	Treated_3	Treated_4	Recovery_1	Recovery_2	Recovery_3	Recovery_4
Gene001	10.2	10.8	11.2	11.8	4.2	4.8	5.2	5.8	7.2	7.8	8.2	8.8
Gene002	7.2	7.8	8.2	8.8	4.2	4.8	5.2	5.8	10.2	10.8	11.2	11.8
Gene003	5.2	5.8	6.2	6.8	12.2	12.8	13.2	13.8	8.2	8.8	9.2	9.8
Gene004	13.2	13.8	14.2	14.8	7.2	7.8	8.2	8.8	10.2	10.8	11.2	11.8
Gene005	10.2	10.8	11.2	11.8	7.2	7.8	8.2	8.8	13.2	13.8	14.2	14.8
Gene006	8.2	8.8	9.2	9.8	15.2	15.8	16.2	16.8	11.2	11.8	12.2	12.8
Gene007	16.2	16.8	17.2	17.8	10.2	10.8	11.2	11.8	13.2	13.8	14.2	14.8
Gene008	13.2	13.8	14.2	14.8	10.2	10.8	11.2	11.8	16.2	16.8	17.2	17.8
Gene009	11.2	11.8	12.2	12.8	18.2	18.8	19.2	19.8	14.2	14.8	15.2	15.8
Gene010	19.2	19.8	20.2	20.8	13.2	13.8	14.2	14.8	16.2	16.8	17.2	17.8
Gene011	16.2	16.8	17.2	17.8	13.2	13.8	14.2	14.8	19.2	19.8	20.2	20.8
Gene012	14.2	14.8	15.2	15.8	21.2	21.8	22.2	22.8	17.2	17.8	18.2	18.8
Gene013	9.2	9.8	10.2	10.8	3.2	3.8	4.2	4.8	6.2	6.8	7.2	7.8
Gene014	6.2	6.8	7.2	7.8	3.2	3.8	4.2	4.8	9.2	9.8	10.2	10.8
Gene015	4.2	4.8	5.2	5.8	11.2	11.8	12.2	12.8	7.2	7.8	8.2	8.8
Gene016	12.2	12.8	13.2	13.8	6.2	6.8	7.2	7.8	9.2	9.8	10.2	10.8
Gene017	9.2	9.8	10.2	10.8	6.2	6.8	7.2	7.8	12.2	12.8	13.2	13.8
Gene018	7.2	7.8	8.2	8.8	14.2	14.8	15.2	15.8	10.2	10.8	11.2	11.8
Gene019	15.2	15.8	16.2	16.8	9.2	9.8	10.2	10.8	12.2	12.8	13.2	13.8
Gene020	12.2	12.8	13.2	13.8	9.2	9.8	10.2	10.8	15.2	15.8	16.2	16.8
Gene021	10.2	10.8	11.2	11.8	17.2	17.8	18.2	18.8	13.2	13.8	14.2	14.8
Gene022	18.2	18.8	19.2	19.8	12.2	12.8	13.2	13.8	15.2	15.8	16.2	16.8
Gene023	15.2	15.8	16.2	16.8	12.2	12.8	13.2	13.8	18.2	18.8	19.2	19.8
Gene024	13.2	13.8	14.2	14.8	20.2	20.8	21.2	21.8	16.2	16.8	17.2	17.8
Gene025	21.2	21.8	22.2	22.8	15.2	15.8	16.2	16.8	18.2	18.8	19.2	19.8
Gene026	5.2	5.8	6.2	6.8	2.2	2.8	3.2	3.8	8.2	8.8	9.2	9.8
Gene027	3.2	3.8	4.2	4.8	10.2	10.8	11.2	11.8	6.2	6.8	7.2	7.8
Gene028	11.2	11.8	12.2	12.8	5.2	5.8	6.2	6.8	8.2	8.8	9.2	9.8
Gene029	8.2	8.8	9.2	9.8	5.2	5.8	6.2	6.8	11.2	11.8	12.2	12.8
Gene030	6.2	6.8	7.2	7.8	13.2	13.8	14.2	14.8	9.2	9.8	10.2	10.8
Gene031	14.2	14.8	15.2	15.8	8.2	8.8	9.2	9.8	11.2	11.8	12.2	12.8
Gene032	11.2	11.8	12.2	12.8	8.2	8.8	9.2	9.8	14.2	14.8	15.2	15.8
Gene033	9.2	9.8	10.2	10.8	16.2	16.8	17.2	17.8	12.2	12.8	13.2	13.8
Gene034	17.2	17.8	18.2	18.8	11.2	11.8	12.2	12.8	14.2	14.8	15.2	15.8
Gene035	14.2	14.8	15.2	15.8	11.2	11.8	12.2	12.8	17.2	17.8	18.2	18.8
Gene036	12.2	12.8	13.2	13.8	19.2	19.8	20.2	20.8	15.2	15.8	16.2	16.8
Gene037	20.2	20.8	21.2	21.8	14.2	14.8	15.2	15.8	17.2	17.8	18.2	18.8
Gene038	17.2	17.8	18.2	18.8	14.2	14.8	15.2	15.8	20.2	20.8	21.2	21.8
Gene039	2.2	2.8	3.2	3.8	9.2	9.8	10.2	10.8	5.2	5.8	6.2	6.8
Gene040	10.2	10.8	11.2	11.8	4.2	4.8	5.2	5.8	7.2	7.8	8.2	8.8
Gene041	7.2	7.8	8.2	8.8	4.2	4.8	5.2	5.8	10.2	10.8	11.2	11.8
Gene042	5.2	5.8	6.2	6.8	12.2	12.8	13.2	13.8	8.2	8.8	9.2	9.8
Gene043	13.2	13.8	14.2	14.8	7.2	7.8	8.2	8.8	10.2	10.8	11.2	11.8
Gene044	10.2	10.8	11.2	11.8	7.2	7.8	8.2	8.8	13.2	13.8	14.2	14.8
Gene045	8.2	8.8	9.2	9.8	15.2	15.8	16.2	16.8	11.2	11.8	12.2	12.8
Gene046	16.2	16.8	17.2	17.8	10.2	10.8	11.2	11.8	13.2	13.8	14.2	14.8
Gene047	13.2	13.8	14.2	14.8	10.2	10.8	11.2	11.8	16.2	16.8	17.2	17.8
Gene048	11.2	11.8	12.2	12.8	18.2	18.8	19.2	19.8	14.2	14.8	15.2	15.8
Gene049	19.2	19.8	20.2	20.8	13.2	13.8	14.2	14.8	16.2	16.8	17.2	17.8
Gene050	16.2	16.8	17.2	17.8	13.2	13.8	14.2	14.8	19.2	19.8	20.2	20.8
Gene051	14.2	14.8	15.2	15.8	21.2	21.8	22.2	22.8	17.2	17.8	18.2	18.8
Gene052	9.2	9.8	10.2	10.8	3.2	3.8	4.2	4.8	6.2	6.8	7.2	7.8
Gene053	6.2	6.8	7.2	7.8	3.2	3.8	4.2	4.8	9.2	9.8	10.2	10.8
Gene054	4.2	4.8	5.2	5.8	11.2	11.8	12.2	12.8	7.2	7.8	8.2	8.8
Gene055	12.2	12.8	13.2	13.8	6.2	6.8	7.2	7.8	9.2	9.8	10.2	10.8
Gene056	9.2	9.8	10.2	10.8	6.2	6.8	7.2	7.8	12.2	12.8	13.2	13.8
Gene057	7.2	7.8	8.2	8.8	14.2	14.8	15.2	15.8	10.2	10.8	11.2	11.8
Gene058	15.2	15.8	16.2	16.8	9.2	9.8	10.2	10.8	12.2	12.8	13.2	13.8
Gene059	12.2	12.8	13.2	13.8	9.2	9.8	10.2	10.8	15.2	15.8	16.2	16.8
Gene060	10.2	10.8	11.2	11.8	17.2	17.8	18.2	18.8	13.2	13.8	14.2	14.8
Gene061	18.2	18.8	19.2	19.8	12.2	12.8	13.2	13.8	15.2	15.8	16.2	16.8
Gene062	15.2	15.8	16.2	16.8	12.2	12.8	13.2	13.8	18.2	18.8	19.2	19.8
Gene063	13.2	13.8	14.2	14.8	20.2	20.8	21.2	21.8	16.2	16.8	17.2	17.8
Gene064	21.2	21.8	22.2	22.8	15.2	15.8	16.2	16.8	18.2	18.8	19.2	19.8
Gene065	5.2	5.8	6.2	6.8	2.2	2.8	3.2	3.8	8.2	8.8	9.2	9.8
Gene066	3.2	3.8	4.2	4.8	10.2	10.8	11.2	11.8	6.2	6.8	7.2	7.8
Gene067	11.2	11.8	12.2	12.8	5.2	5.8	6.2	6.8	8.2	8.8	9.2	9.8
Gene068	8.2	8.8	9.2	9.8	5.2	5.8	6.2	6.8	11.2	11.8	12.2	12.8
Gene069	6.2	6.8	7.2	7.8	13.2	13.8	14.2	14.8	9.2	9.8	10.2	10.8
Gene070	14.2	14.8	15.2	15.8	8.2	8.8	9.2	9.8	11.2	11.8	12.2	12.8
Gene071	11.2	11.8	12.2	12.8	8.2	8.8	9.2	9.8	14.2	14.8	15.2	15.8
Gene072	9.2	9.8	10.2	10.8	16.2	16.8	17.2	17.8	12.2	12.8	13.2	13.8
Gene073	17.2	17.8	18.2	18.8	11.2	11.8	12.2	12.8	14.2	14.8	15.2	15.8
Gene074	14.2	14.8	15.2	15.8	11.2	11.8	12.2	12.8	17.2	17.8	18.2	18.8
Gene075	12.2	12.8	13.2	13.8	19.2	19.8	20.2	20.8	15.2	15.8	16.2	16.8
Gene076	20.2	20.8	21.2	21.8	14.2	14.8	15.2	15.8	17.2	17.8	18.2	18.8
Gene077	17.2	17.8	18.2	18.8	14.2	14.8	15.2	15.8	20.2	20.8	21.2	21.8
Gene078	2.2	2.8	3.2	3.8	9.2	9.8	10.2	10.8	5.2	5.8	6.2	6.8
Gene079	10.2	10.8	11.2	11.8	4.2	4.8	5.2	5.8	7.2	7.8	8.2	8.8
Gene080	7.2	7.8	8.2	8.8	4.2	4.8	5.2	5.8	10.2	10.8	11.2	11.8
Gene081	5.2	5.8	6.2	6.8	12.2	12.8	13.2	13.8	8.2	8.8	9.2	9.8
Gene082	13.2	13.8	14.2	14.8	7.2	7.8	8.2	8.8	10.2	10.8	11.2	11.8
Gene083	10.2	10.8	11.2	11.8	7.2	7.8	8.2	8.8	13.2	13.8	14.2	14.8
Gene084	8.2	8.8	9.2	9.8	15.2	15.8	16.2	16.8	11.2	11.8	12.2	12.8
Gene085	16.2	16.8	17.2	17.8	10.2	10.8	11.2	11.8	13.2	13.8	14.2	14.8
Gene086	13.2	13.8	14.2	14.8	10.2	10.8	11.2	11.8	16.2	16.8	17.2	17.8
Gene087	11.2	11.8	12.2	12.8	18.2	18.8	19.2	19.8	14.2	14.8	15.2	15.8
Gene088	19.2	19.8	20.2	20.8	13.2	13.8	14.2	14.8	16.2	16.8	17.2	17.8
Gene089	16.2	16.8	17.2	17.8	13.2	13.8	14.2	14.8	19.2	19.8	20.2	20.8
Gene090	14.2	14.8	15.2	15.8	21.2	21.8	22.2	22.8	17.2	17.8	18.2	18.8
Gene091	9.2	9.8	10.2	10.8	3.2	3.8	4.2	4.8	6.2	6.8	7.2	7.8
Gene092	6.2	6.8	7.2	7.8	3.2	3.8	4.2	4.8	9.2	9.8	10.2	10.8
Gene093	4.2	4.8	5.2	5.8	11.2	11.8	12.2	12.8	7.2	7.8	8.2	8.8
Gene094	12.2	12.8	13.2	13.8	6.2	6.8	7.2	7.8	9.2	9.8	10.2	10.8
Gene095	9.2	9.8	10.2	10.8	6.2	6.8	7.2	7.8	12.2	12.8	13.2	13.8
Gene096	7.2	7.8	8.2	8.8	14.2	14.8	15.2	15.8	10.2	10.8	11.2	11.8
Gene097	15.2	15.8	16.2	16.8	9.2	9.8	10.2	10.8	12.2	12.8	13.2	13.8
Gene098	12.2	12.8	13.2	13.8	9.2	9.8	10.2	10.8	15.2	15.8	16.2	16.8
Gene099	10.2	10.8	11.2	11.8	17.2	17.8	18.2	18.8	13.2	13.8	14.2	14.8
Gene100	18.2	18.8	19.2	19.8	12.2	12.8	13.2	13.8	15.2	15.8	16.2	16.8
Gene101	15.2	15.8	16.2	16.8	12.2	12.8	13.2	13.8	18.2	18.8	19.2	19.8
Gene102	13.2	13.8	14.2	14.8	20.2	20.8	21.2	21.8	16.2	16.8	17.2	17.8
Gene103	21.2	21.8	22.2	22.8	15.2	15.8	16.2	16.8	18.2	18.8	19.2	19.8
Gene104	5.2	5.8	6.2	6.8	2.2	2.8	3.2	3.8	8.2	8.8	9.2	9.8
Gene105	3.2	3.8	4.2	4.8	10.2	10.8	11.2	11.8	6.2	6.8	7.2	7.8
Gene106	11.2	11.8	12.2	12.8	5.2	5.8	6.2	6.8	8.2	8.8	9.2	9.8
Gene107	8.2	8.8	9.2	9.8	5.2	5.8	6.2	6.8	11.2	11.8	12.2	12.8
Gene108	6.2	6.8	7.2	7.8	13.2	13.8	14.2	14.8	9.2	9.8	10.2	10.8
Gene109	14.2	14.8	15.2	15.8	8.2	8.8	9.2	9.8	11.2	11.8	12.2	12.8
Gene110	11.2	11.8	12.2	12.8	8.2	8.8	9.2	9.8	14.2	14.8	15.2	15.8
Gene111	9.2	9.8	10.2	10.8	16.2	16.8	17.2	17.8	12.2	12.8	13.2	13.8
Gene112	17.2	17.8	18.2	18.8	11.2	11.8	12.2	12.8	14.2	14.8	15.2	15.8
Gene113	14.2	14.8	15.2	15.8	11.2	11.8	12.2	12.8	17.2	17.8	18.2	18.8
Gene114	12.2	12.8	13.2	13.8	19.2	19.8	20.2	20.8	15.2	15.8	16.2	16.8
Gene115	20.2	20.8	21.2	21.8	14.2	14.8	15.2	15.8	17.2	17.8	18.2	18.8
Gene116	17.2	17.8	18.2	18.8	14.2	14.8	15.2	15.8	20.2	20.8	21.2	21.8
Gene117	2.2	2.8	3.2	3.8	9.2	9.8	10.2	10.8	5.2	5.8	6.2	6.8
Gene118	10.2	10.8	11.2	11.8	4.2	4.8	5.2	5.8	7.2	7.8	8.2	8.8
Gene119	7.2	7.8	8.2	8.8	4.2	4.8	5.2	5.8	10.2	10.8	11.2	11.8
Gene120	5.2	5.8	6.2	6.8	12.2	12.8	13.2	13.8	8.2	8.8	9.2	9.8
Gene121	13.2	13.8	14.2	14.8	7.2	7.8	8.2	8.8	10.2	10.8	11.2	11.8
Gene122	10.2	10.8	11.2	11.8	7.2	7.8	8.2	8.8	13.2	13.8	14.2	14.8
Gene123	8.2	8.8	9.2	9.8	15.2	15.8	16.2	16.8	11.2	11.8	12.2	12.8
Gene124	16.2	16.8	17.2	17.8	10.2	10.8	11.2	11.8	13.2	13.8	14.2	14.8
Gene125	13.2	13.8	14.2	14.8	10.2	10.8	11.2	11.8	16.2	16.8	17.2	17.8
Gene126	11.2	11.8	12.2	12.8	18.2	18.8	19.2	19.8	14.2	14.8	15.2	15.8
Gene127	19.2	19.8	20.2	20.8	13.2	13.8	14.2	14.8	16.2	16.8	17.2	17.8
Gene128	16.2	16.8	17.2	17.8	13.2	13.8	14.2	14.8	19.2	19.8	20.2	20.8
Gene129	14.2	14.8	15.2	15.8	21.2	21.8	22.2	22.8	17.2	17.8	18.2	18.8
Gene130	9.2	9.8	10.2	10.8	3.2	3.8	4.2	4.8	6.2	6.8	7.2	7.8
Gene131	6.2	6.8	7.2	7.8	3.2	3.8	4.2	4.8	9.2	9.8	10.2	10.8
Gene132	4.2	4.8	5.2	5.8	11.2	11.8	12.2	12.8	7.2	7.8	8.2	8.8
Gene133	12.2	12.8	13.2	13.8	6.2	6.8	7.2	7.8	9.2	9.8	10.2	10.8
Gene134	9.2	9.8	10.2	10.8	6.2	6.8	7.2	7.8	12.2	12.8	13.2	13.8
Gene135	7.2	7.8	8.2	8.8	14.2	14.8	15.2	15.8	10.2	10.8	11.2	11.8
Gene136	15.2	15.8	16.2	16.8	9.2	9.8	10.2	10.8	12.2	12.8	13.2	13.8
Gene137	12.2	12.8	13.2	13.8	9.2	9.8	10.2	10.8	15.2	15.8	16.2	16.8
Gene138	10.2	10.8	11.2	11.8	17.2	17.8	18.2	18.8	13.2	13.8	14.2	14.8
Gene139	18.2	18.8	19.2	19.8	12.2	12.8	13.2	13.8	15.2	15.8	16.2	16.8
Gene140	15.2	15.8	16.2	16.8	12.2	12.8	13.2	13.8	18.2	18.8	19.2	19.8
Gene141	13.2	13.8	14.2	14.8	20.2	20.8	21.2	21.8	16.2	16.8	17.2	17.8
Gene142	21.2	21.8	22.2	22.8	15.2	15.8	16.2	16.8	18.2	18.8	19.2	19.8
Gene143	5.2	5.8	6.2	6.8	2.2	2.8	3.2	3.8	8.2	8.8	9.2	9.8
Gene144	3.2	3.8	4.2	4.8	10.2	10.8	11.2	11.8	6.2	6.8	7.2	7.8
Gene145	11.2	11.8	12.2	12.8	5.2	5.8	6.2	6.8	8.2	8.8	9.2	9.8
Gene146	8.2	8.8	9.2	9.8	5.2	5.8	6.2	6.8	11.2	11.8	12.2	12.8
Gene147	6.2	6.8	7.2	7.8	13.2	13.8	14.2	14.8	9.2	9.8	10.2	10.8
Gene148	14.2	14.8	15.2	15.8	8.2	8.8	9.2	9.8	11.2	11.8	12.2	12.8
Gene149	11.2	11.8	12.2	12.8	8.2	8.8	9.2	9.8	14.2	14.8	15.2	15.8
Gene150	9.2	9.8	10.2	10.8	16.2	16.8	17.2	17.8	12.2	12.8	13.2	13.8
Gene151	17.2	17.8	18.2	18.8	11.2	11.8	12.2	12.8	14.2	14.8	15.2	15.8
Gene152	14.2	14.8	15.2	15.8	11.2	11.8	12.2	12.8	17.2	17.8	18.2	18.8
Gene153	12.2	12.8	13.2	13.8	19.2	19.8	20.2	20.8	15.2	15.8	16.2	16.8
Gene154	20.2	20.8	21.2	21.8	14.2	14.8	15.2	15.8	17.2	17.8	18.2	18.8
Gene155	17.2	17.8	18.2	18.8	14.2	14.8	15.2	15.8	20.2	20.8	21.2	21.8
Gene156	2.2	2.8	3.2	3.8	9.2	9.8	10.2	10.8	5.2	5.8	6.2	6.8
Gene157	10.2	10.8	11.2	11.8	4.2	4.8	5.2	5.8	7.2	7.8	8.2	8.8
Gene158	7.2	7.8	8.2	8.8	4.2	4.8	5.2	5.8	10.2	10.8	11.2	11.8
Gene159	5.2	5.8	6.2	6.8	12.2	12.8	13.2	13.8	8.2	8.8	9.2	9.8
Gene160	13.2	13.8	14.2	14.8	7.2	7.8	8.2	8.8	10.2	10.8	11.2	11.8
Gene161	10.2	10.8	11.2	11.8	7.2	7.8	8.2	8.8	13.2	13.8	14.2	14.8
Gene162	8.2	8.8	9.2	9.8	15.2	15.8	16.2	16.8	11.2	11.8	12.2	12.8
Gene163	16.2	16.8	17.2	17.8	10.2	10.8	11.2	11.8	13.2	13.8	14.2	14.8
Gene164	13.2	13.8	14.2	14.8	10.2	10.8	11.2	11.8	16.2	16.8	17.2	17.8
Gene165	11.2	11.8	12.2	12.8	18.2	18.8	19.2	19.8	14.2	14.8	15.2	15.8
Gene166	19.2	19.8	20.2	20.8	13.2	13.8	14.2	14.8	16.2	16.8	17.2	17.8
Gene167	16.2	16.8	17.2	17.8	13.2	13.8	14.2	14.8	19.2	19.8	20.2	20.8
Gene168	14.2	14.8	15.2	15.8	21.2	21.8	22.2	22.8	17.2	17.8	18.2	18.8
Gene169	9.2	9.8	10.2	10.8	3.2	3.8	4.2	4.8	6.2	6.8	7.2	7.8
Gene170	6.2	6.8	7.2	7.8	3.2	3.8	4.2	4.8	9.2	9.8	10.2	10.8
Gene171	4.2	4.8	5.2	5.8	11.2	11.8	12.2	12.8	7.2	7.8	8.2	8.8
Gene172	12.2	12.8	13.2	13.8	6.2	6.8	7.2	7.8	9.2	9.8	10.2	10.8
Gene173	9.2	9.8	10.2	10.8	6.2	6.8	7.2	7.8	12.2	12.8	13.2	13.8
Gene174	7.2	7.8	8.2	8.8	14.2	14.8	15.2	15.8	10.2	10.8	11.2	11.8
Gene175	15.2	15.8	16.2	16.8	9.2	9.8	10.2	10.8	12.2	12.8	13.2	13.8
Gene176	12.2	12.8	13.2	13.8	9.2	9.8	10.2	10.8	15.2	15.8	16.2	16.8
Gene177	10.2	10.8	11.2	11.8	17.2	17.8	18.2	18.8	13.2	13.8	14.2	14.8
Gene178	18.2	18.8	19.2	19.8	12.2	12.8	13.2	13.8	15.2	15.8	16.2	16.8
Gene179	15.2	15.8	16.2	16.8	12.2	12.8	13.2	13.8	18.2	18.8	19.2	19.8
Gene180	13.2	13.8	14.2	14.8	20.2	20.8	21.2	21.8	16.2	16.8	17.2	17.8
Gene181	21.2	21.8	22.2	22.8	15.2	15.8	16.2	16.8	18.2	18.8	19.2	19.8
Gene182	5.2	5.8	6.2	6.8	2.2	2.8	3.2	3.8	8.2	8.8	9.2	9.8
Gene183	3.2	3.8	4.2	4.8	10.2	10.8	11.2	11.8	6.2	6.8	7.2	7.8
Gene184	11.2	11.8	12.2	12.8	5.2	5.8	6.2	6.8	8.2	8.8	9.2	9.8
Gene185	8.2	8.8	9.2	9.8	5.2	5.8	6.2	6.8	11.2	11.8	12.2	12.8
Gene186	6.2	6.8	7.2	7.8	13.2	13.8	14.2	14.8	9.2	9.8	10.2	10.8
Gene187	14.2	14.8	15.2	15.8	8.2	8.8	9.2	9.8	11.2	11.8	12.2	12.8
Gene188	11.2	11.8	12.2	12.8	8.2	8.8	9.2	9.8	14.2	14.8	15.2	15.8
Gene189	9.2	9.8	10.2	10.8	16.2	16.8	17.2	17.8	12.2	12.8	13.2	13.8
Gene190	17.2	17.8	18.2	18.8	11.2	11.8	12.2	12.8	14.2	14.8	15.2	15.8
Gene191	14.2	14.8	15.2	15.8	11.2	11.8	12.2	12.8	17.2	17.8	18.2	18.8
Gene192	12.2	12.8	13.2	13.8	19.2	19.8	20.2	20.8	15.2	15.8	16.2	16.8
Gene193	20.2	20.8	21.2	21.8	14.2	14.8	15.2	15.8	17.2	17.8	18.2	18.8
Gene194	17.2	17.8	18.2	18.8	14.2	14.8	15.2	15.8	20.2	20.8	21.2	21.8
Gene195	2.2	2.8	3.2	3.8	9.2	9.8	10.2	10.8	5.2	5.8	6.2	6.8
Gene196	10.2	10.8	11.2	11.8	4.2	4.8	5.2	5.8	7.2	7.8	8.2	8.8
Gene197	7.2	7.8	8.2	8.8	4.2	4.8	5.2	5.8	10.2	10.8	11.2	11.8
Gene198	5.2	5.8	6.2	6.8	12.2	12.8	13.2	13.8	8.2	8.8	9.2	9.8
Gene199	13.2	13.8	14.2	14.8	7.2	7.8	8.2	8.8	10.2	10.8	11.2	11.8
Gene200	10.2	10.8	11.2	11.8	7.2	7.8	8.2	8.8	13.2	13.8	14.2	14.8
